{"val_loss":{"0":2.7899737358,"1":4.7599983215,"2":4.2721772194,"3":2.5177531242,"4":2.2980642319,"5":2.8621897697,"6":4.839017868,"7":4.6987924576,"8":2.8659410477,"9":1.0958890915,"10":1.0833587646,"11":1.4331316948,"12":1.626210928,"13":1.5114371777,"14":1.1648005247,"15":0.8191859722,"16":0.8152750134,"17":1.1529090405,"18":1.395616293,"19":1.3936867714,"20":1.1825764179,"21":0.90759027,"22":0.7307909727,"23":0.6509275436,"24":0.6340110898,"25":0.6391871572,"26":0.5898091793,"27":0.4996542335,"28":0.4571472704,"29":0.5490781069,"30":0.675301075,"31":0.7814198732,"32":0.782797575,"33":0.7378054857,"34":0.6637321711,"35":0.6030638218,"36":0.4915024042,"37":0.4222840369,"38":0.3752864897,"39":0.3389311731,"40":0.3351718485,"41":0.3722847104,"42":0.4383087158,"43":0.4797805548,"44":0.5086357594,"45":0.5390775204,"46":0.5517816544,"47":0.5268098116,"48":0.4937379956,"49":0.4493520856,"50":0.3868073225,"51":0.3331726193,"52":0.2998437285,"53":0.3013108969,"54":0.3273116648,"55":0.3510541916,"56":0.3410496712,"57":0.313785255,"58":0.2753578126,"59":0.253479749,"60":0.2535065114,"61":0.261120379,"62":0.272249043,"63":0.2775933146,"64":0.2896184623,"65":0.2996602654,"66":0.2987639308,"67":0.2882245183,"68":0.2734835148,"69":0.2469888031,"70":0.2215096056,"71":0.1973944008},"val_accuracy":{"0":0.375,"1":0.375,"2":0.375,"3":0.625,"4":0.375,"5":0.25,"6":0.25,"7":0.25,"8":0.25,"9":0.625,"10":0.5,"11":0.75,"12":0.75,"13":0.75,"14":0.75,"15":0.625,"16":0.625,"17":0.625,"18":0.625,"19":0.625,"20":0.625,"21":0.625,"22":0.625,"23":0.625,"24":0.75,"25":0.75,"26":0.75,"27":0.75,"28":1.0,"29":0.625,"30":0.625,"31":0.625,"32":0.625,"33":0.625,"34":0.625,"35":0.625,"36":1.0,"37":0.875,"38":0.875,"39":1.0,"40":1.0,"41":1.0,"42":0.625,"43":0.625,"44":0.625,"45":0.625,"46":0.625,"47":0.875,"48":0.875,"49":0.875,"50":1.0,"51":1.0,"52":1.0,"53":1.0,"54":0.875,"55":0.875,"56":0.875,"57":0.875,"58":1.0,"59":1.0,"60":1.0,"61":1.0,"62":1.0,"63":1.0,"64":1.0,"65":1.0,"66":1.0,"67":1.0,"68":1.0,"69":1.0,"70":1.0,"71":1.0},"loss":{"0":22.4586925507,"1":7.4335722923,"2":12.5732860565,"3":12.9359674454,"4":8.6771450043,"5":5.7861804962,"6":6.1604838371,"7":8.7602548599,"8":9.7385597229,"9":4.7130880356,"10":4.0826468468,"11":3.0363535881,"12":5.0517339706,"13":4.8782505989,"14":4.5890340805,"15":4.2070651054,"16":2.2603144646,"17":1.9840365648,"18":2.6152696609,"19":2.9101667404,"20":2.6209115982,"21":2.0525171757,"22":0.7793329358,"23":2.4957661629,"24":1.1580331326,"25":2.8850579262,"26":2.1874878407,"27":2.1519625187,"28":1.5336253643,"29":1.3175288439,"30":0.9755256176,"31":0.9902226925,"32":1.7441965342,"33":1.3803352118,"34":1.0529245138,"35":0.8585084677,"36":0.5337695479,"37":1.345744729,"38":0.7956644297,"39":0.8352928162,"40":0.7811738253,"41":0.8540759087,"42":0.4145889282,"43":0.7267011404,"44":0.3401247263,"45":0.6057694554,"46":0.6340959668,"47":0.6411780119,"48":0.373044312,"49":0.2417443544,"50":0.4598990679,"51":0.524438858,"52":0.4256280661,"53":0.2265902758,"54":0.3526570201,"55":0.1571732312,"56":0.3588760495,"57":0.544380188,"58":0.1936451644,"59":0.1592237353,"60":0.2430695891,"61":0.0868576095,"62":0.1951052397,"63":0.0895167366,"64":0.1938078552,"65":0.0668043941,"66":0.0645396113,"67":0.2682507932,"68":0.0795610324,"69":0.1053753123,"70":0.0593164116,"71":0.0771757141},"accuracy":{"0":0.25,"1":0.46875,"2":0.40625,"3":0.34375,"4":0.3125,"5":0.375,"6":0.40625,"7":0.3125,"8":0.3125,"9":0.40625,"10":0.34375,"11":0.4375,"12":0.375,"13":0.46875,"14":0.40625,"15":0.5625,"16":0.53125,"17":0.53125,"18":0.4375,"19":0.5,"20":0.5,"21":0.59375,"22":0.78125,"23":0.53125,"24":0.625,"25":0.53125,"26":0.53125,"27":0.5,"28":0.4375,"29":0.6875,"30":0.625,"31":0.625,"32":0.53125,"33":0.65625,"34":0.6875,"35":0.78125,"36":0.78125,"37":0.75,"38":0.75,"39":0.71875,"40":0.78125,"41":0.6875,"42":0.875,"43":0.75,"44":0.84375,"45":0.75,"46":0.78125,"47":0.84375,"48":0.84375,"49":0.96875,"50":0.875,"51":0.78125,"52":0.875,"53":0.90625,"54":0.90625,"55":0.9375,"56":0.84375,"57":0.875,"58":0.90625,"59":0.9375,"60":0.90625,"61":0.96875,"62":0.9375,"63":0.9375,"64":0.9375,"65":1.0,"66":1.0,"67":0.9375,"68":1.0,"69":0.96875,"70":1.0,"71":1.0}}