{"val_loss":{"0":2.7230169773,"1":6.4872441292,"2":4.6924548149,"3":1.9545251131,"4":1.143659234,"5":1.3251709938,"6":2.0405344963,"7":2.2004711628,"8":1.7987487316,"9":1.3035732508,"10":1.0748993158,"11":1.1208947897,"12":1.1821898222,"13":1.1322724819,"14":1.0110416412,"15":0.9204713106,"16":0.869864285,"17":0.8690279126,"18":0.8828723431,"19":0.9053305387,"20":0.9186413288,"21":0.8612272739,"22":0.7626963854,"23":0.6390224695,"24":0.5588607788,"25":0.5080961585,"26":0.5133773088,"27":0.5409498215,"28":0.5880682468,"29":0.6150846481,"30":0.6259166002,"31":0.6137696505,"32":0.5690898299,"33":0.511046648,"34":0.4591644108,"35":0.4235033989,"36":0.3919030726,"37":0.35364151,"38":0.3313439488,"39":0.3147136569,"40":0.3044854403,"41":0.2875621319,"42":0.2599706352,"43":0.2410840839,"44":0.2281887382,"45":0.2203944772,"46":0.2144532055,"47":0.2167570591,"48":0.2302417606,"49":0.2452577502,"50":0.2652417421,"51":0.2682517767,"52":0.2475067079,"53":0.220145613,"54":0.1976522058,"55":0.1790353358,"56":0.1690560281,"57":0.1625435948,"58":0.1590763479,"59":0.1622977555,"60":0.1613967419,"61":0.1601974964,"62":0.1519299746,"63":0.1439563483,"64":0.1231880188,"65":0.1074127853,"66":0.0930143222,"67":0.0841124505,"68":0.077897191,"69":0.0743627101,"70":0.0708125457,"71":0.0687284619},"val_accuracy":{"0":0.125,"1":0.25,"2":0.25,"3":0.125,"4":0.5,"5":0.375,"6":0.375,"7":0.375,"8":0.375,"9":0.5,"10":0.25,"11":0.25,"12":0.25,"13":0.25,"14":0.25,"15":0.25,"16":0.5,"17":0.625,"18":0.625,"19":0.625,"20":0.625,"21":0.625,"22":0.625,"23":0.625,"24":0.75,"25":1.0,"26":1.0,"27":1.0,"28":0.875,"29":0.75,"30":0.75,"31":0.75,"32":0.75,"33":0.875,"34":0.875,"35":0.875,"36":1.0,"37":1.0,"38":1.0,"39":1.0,"40":1.0,"41":1.0,"42":1.0,"43":1.0,"44":1.0,"45":1.0,"46":1.0,"47":1.0,"48":1.0,"49":1.0,"50":1.0,"51":1.0,"52":1.0,"53":1.0,"54":1.0,"55":1.0,"56":1.0,"57":1.0,"58":1.0,"59":1.0,"60":1.0,"61":1.0,"62":1.0,"63":1.0,"64":1.0,"65":1.0,"66":1.0,"67":1.0,"68":1.0,"69":1.0,"70":1.0,"71":1.0},"loss":{"0":5.9957971573,"1":5.7448296547,"2":9.7242164612,"3":6.7943954468,"4":4.7913832664,"5":3.3606617451,"6":2.8707180023,"7":2.6906163692,"8":3.2474045753,"9":2.9806859493,"10":1.1910346746,"11":1.682130456,"12":1.5555131435,"13":1.8814262152,"14":1.6626472473,"15":1.9097473621,"16":2.042637825,"17":1.1439452171,"18":1.0436245203,"19":1.0522361994,"20":0.7230166197,"21":0.8487609625,"22":1.0801551342,"23":0.7091770172,"24":0.4924068451,"25":0.5076057911,"26":0.5858453512,"27":0.346175611,"28":0.4237790704,"29":0.4580513835,"30":0.4591428041,"31":0.3566696048,"32":0.3994228244,"33":0.3113968372,"34":0.3511916399,"35":0.1471830308,"36":0.1788089126,"37":0.2301964462,"38":0.1199698523,"39":0.1791434586,"40":0.3428324759,"41":0.1362251043,"42":0.2870071232,"43":0.2411932051,"44":0.123824209,"45":0.2291383147,"46":0.1934231222,"47":0.1292490065,"48":0.1576665789,"49":0.0982535258,"50":0.0428417176,"51":0.102030836,"52":0.1125012562,"53":0.0959913731,"54":0.0654363334,"55":0.090524815,"56":0.0940298289,"57":0.0499492139,"58":0.0549493693,"59":0.0804021806,"60":0.0778130218,"61":0.0287020802,"62":0.1115338057,"63":0.0133208409,"64":0.0836035088,"65":0.0202074405,"66":0.0467524752,"67":0.0257202312,"68":0.0519650355,"69":0.0439192429,"70":0.0285399556,"71":0.0220522229},"accuracy":{"0":0.46875,"1":0.28125,"2":0.25,"3":0.25,"4":0.21875,"5":0.375,"6":0.4375,"7":0.46875,"8":0.4375,"9":0.4375,"10":0.53125,"11":0.4375,"12":0.40625,"13":0.4375,"14":0.40625,"15":0.4375,"16":0.4375,"17":0.4375,"18":0.59375,"19":0.71875,"20":0.71875,"21":0.65625,"22":0.65625,"23":0.71875,"24":0.8125,"25":0.78125,"26":0.71875,"27":0.9375,"28":0.8125,"29":0.8125,"30":0.84375,"31":0.875,"32":0.84375,"33":0.90625,"34":0.90625,"35":1.0,"36":0.96875,"37":0.90625,"38":1.0,"39":0.9375,"40":0.875,"41":0.96875,"42":0.9375,"43":0.875,"44":0.96875,"45":0.90625,"46":0.9375,"47":0.9375,"48":0.90625,"49":0.96875,"50":1.0,"51":0.96875,"52":0.96875,"53":0.96875,"54":1.0,"55":1.0,"56":0.96875,"57":1.0,"58":1.0,"59":0.96875,"60":0.96875,"61":1.0,"62":0.96875,"63":1.0,"64":0.96875,"65":1.0,"66":1.0,"67":1.0,"68":0.96875,"69":1.0,"70":1.0,"71":1.0}}